Past,Future,Indoor,Outdoor,Space,Underwater
"A Snapchat selfie of a farmer sitting in a carriage, [ethnically diverse, tanned], wearing traditional overalls and a straw hat, with a background of golden wheat fields under a bright blue sky.","A Snapchat selfie of a construction worker in VR goggles, [ethnically diverse, tanned], wearing a hard hat and high-vis vest, immersed in a virtual reality simulation for site planning on a bustling construction background.","A Snapchat selfie of a karaoke singer, [ethnically diverse, tanned], holding a microphone with great enthusiasm, standing on a small stage with colorful lights and a cheering crowd in the background.","A Snapchat selfie of a football player, [ethnically diverse, tanned], wearing a helmet, ready in a stance on the field, with the stadium and roaring fans in the background.","A Snapchat selfie of an astronaut, [ethnically diverse, tanned], floating in a space module with Earth visible through a window in the background, giving a thumbs up.","A Snapchat selfie of a scuba diver, [ethnically diverse, tanned], fully equipped, floating near a vibrant coral reef teeming with marine life, with a small school of fish swimming by."
"A Snapchat selfie of a bartender at a saloon, [ethnically diverse, tanned], dressed in a classic western outfit with a vest and bow tie, polishing a glass behind an old wooden bar, surrounded by vintage liquor bottles.","A Snapchat selfie of someone eating at a futuristic restaurant, [ethnically diverse, tanned], seated at a high-tech table with interactive menus and robotic servers presenting molecular gastronomy dishes.","A Snapchat selfie of a pet/dog owner, [ethnically diverse, tanned], playfully cuddling with a happy dog in a sunny park, both looking into the camera with joy.","A Snapchat selfie of a zip line person, [ethnically diverse, tanned], geared up and zipping over a lush forest canopy, exhilaration clear on their face.","A Snapchat selfie of a space farmer, [ethnically diverse, tanned], tending to vibrant alien crops in a hydroponic farm aboard a space habitat, with bioluminescent plants illuminating the area.","A Snapchat selfie of a submarine driver, [ethnically diverse, tanned], inside the cockpit of a sleek submarine, peering out of the circular window into the dark, mysterious ocean depths."
"A Snapchat selfie of a miner covered in coal, [ethnically diverse, tanned], wearing a hard hat with a lamp and dust-covered overalls, standing in a dimly lit mine shaft with a pickaxe over his shoulder.","A Snapchat selfie of a chromed out limo driver, [ethnically diverse, tanned], sporting a sleek, metallic suit, behind the wheel of a luxurious, futuristic limousine with neon interior lights.","A Snapchat selfie of a squash player, [ethnically diverse, tanned], wearing a headband and athletic gear, swinging a racquet in an action pose on a squash court.","A Snapchat selfie of an Arctic researcher, [ethnically diverse, tanned], in a hooded parka, collecting ice samples in a snowy expanse, with icy mountains in the distance.","A Snapchat selfie of a space botanist, [ethnically diverse, tanned], examining exotic space flora under a magnifying tool in a laboratory aboard a research vessel.","A Snapchat selfie of a marine biologist, [ethnically diverse, tanned], in a wet suit, holding a clipboard and examining marine specimens in the shallow waters near a rocky coast."
"A Snapchat selfie of a rich person with a monocle, [ethnically diverse, tanned], dressed in a luxurious velvet suit, sitting in an opulent room with vintage furniture and holding a cigar.","A Snapchat selfie of a cyborg, [ethnically diverse, tanned], with visible mechanical enhancements and glowing eyes, standing in a high-tech lab with advanced robotic equipment.","A Snapchat selfie of a chef, [ethnically diverse, tanned], in a chef's hat and jacket, tasting a spoonful of a gourmet dish in a professional kitchen bustling with activity.","A Snapchat selfie of a race car driver, [ethnically diverse, tanned], in a helmet and racing suit, in the cockpit of a high-speed race car on a track.","A Snapchat selfie of someone hanging with aliens, [ethnically diverse, tanned], sharing a laugh with friendly extraterrestrial beings in a communal space hub.","A Snapchat selfie of a snorkeler, [ethnically diverse, tanned], with a snorkel and mask, surrounded by clear blue water and brightly colored fish near the surface."
"A Snapchat selfie of a 70s disco dancer, [ethnically diverse, tanned], wearing a shiny, colorful jumpsuit with wide bell sleeves and flared legs, under a disco ball in a retro dance club setting.","A Snapchat selfie of a superhero, [ethnically diverse, tanned], in a vibrant, form-fitting suit, poised heroically on top of a skyscraper with the cityscape stretching out below at dusk.","A Snapchat selfie of a surgeon, [ethnically diverse, tanned], in scrubs and a surgical mask, looking focused in an operating room with medical equipment and a patient on the table.","A Snapchat selfie of a prop plane pilot, [ethnically diverse, tanned], wearing aviator goggles and a leather jacket, in the cockpit with scenic views out the window.","A Snapchat selfie of a stargazer, [ethnically diverse, tanned], looking through a massive telescope on a space station, awe-struck by the view of distant stars and galaxies.","A Snapchat selfie of someone studying sharks, [ethnically diverse, tanned], in a diving cage, observing a great white shark closely, with awe and excitement evident on their face."
"A Snapchat selfie of an 80s fitness instructor, [ethnically diverse, tanned], dressed in a neon leotard and leggings, with leg warmers and a sweatband, doing an aerobic pose with a vintage gym background.","A Snapchat selfie of a pilot navigating through an asteroid belt, [ethnically diverse, tanned], wearing a space suit in a cockpit, dodging massive rocks with intense focus, space stretching out into infinity outside.","A Snapchat selfie of a stamp collector organizing an album, [ethnically diverse, tanned], examining a magnifying glass over rare stamps in a well-organized collection.","A Snapchat selfie of a mountain climber, [ethnically diverse, tanned], geared up with ropes and carabiners, gripping a rocky peak with a breathtaking view below.","A Snapchat selfie of a starship mechanic, [ethnically diverse, tanned], working on the engine of an interstellar vessel, tools in hand, with parts of the spacecraft engine spread around.","A Snapchat selfie of an underwater archaeologist examining sunken ruins, [ethnically diverse, tanned], swimming around ancient, algae-covered structures with a waterproof camera and a flashlight."
"A Snapchat selfie of a medieval blacksmith forging a sword, [ethnically diverse, tanned], wearing a leather apron and gloves, with intense focus as he hammers on an anvil, in a rustic forge filled with medieval tools.","A Snapchat selfie of a botanist growing plants on a Mars colony, [ethnically diverse, tanned], in a bio-suit, tending to vibrant alien flora in a red-tinged greenhouse with the Martian landscape visible through the dome.","A Snapchat selfie of a jigsaw puzzle enthusiast starting a 500-piece puzzle, [ethnically diverse, tanned], with pieces spread out on a table, concentrating on fitting the first pieces together.","A Snapchat selfie of a base jumper leaping from a cliff, [ethnically diverse, tanned], in a wingsuit, capturing the thrill of freefall with rugged cliffs in the backdrop.","A Snapchat selfie of a space chemist, [ethnically diverse, tanned], conducting experiments with glowing chemical substances in a high-tech lab aboard a spacecraft.","A Snapchat selfie of a marine photographer capturing colorful coral reefs, [ethnically diverse, tanned], with an underwater camera, focusing on the vibrant and diverse coral ecosystem."
"A Snapchat selfie of a Renaissance painter working on a fresco, [ethnically diverse, tanned], dressed in a period-appropriate painter's smock, standing on a scaffold with a palette and brush in hand, inside a grand cathedral.","A Snapchat selfie of a quantum computer technician debugging code, [ethnically diverse, tanned], surrounded by screens displaying complex algorithms and quantum bits, in a cutting-edge computing lab.","A Snapchat selfie of a TV remote controller searching for batteries, [ethnically diverse, tanned], looking puzzled while emptying a drawer full of various items in a cozy living room.","A Snapchat selfie of a whitewater rafter navigating rough rapids, [ethnically diverse, tanned], paddling fiercely through foaming water with intense focus and determination.","A Snapchat selfie of a meteoroid miner extracting valuable minerals, [ethnically diverse, tanned], operating heavy drilling machinery on a rugged asteroid surface.","A Snapchat selfie of an aquatic veterinarian treating injured sea creatures, [ethnically diverse, tanned], gently handling a wounded sea turtle with medical equipment on a boat."
"A Snapchat selfie of a Victorian era governess teaching children, [ethnically diverse, tanned], dressed in a modest, high-collared dress, giving a lesson to two attentive children in a classic, book-lined study.","A Snapchat selfie of a zero-gravity athlete playing space soccer, [ethnically diverse, tanned], floating in a space station arena, kicking a ball with Earth visible through a window in the background.","A Snapchat selfie of a houseplant waterer checking soil moisture, [ethnically diverse, tanned], gently touching the soil of a lush indoor plant with a watering can ready.","A Snapchat selfie of a hang glider soaring above scenic landscapes, [ethnically diverse, tanned], gliding with wide-open skies and a panoramic view of verdant valleys below.","A Snapchat selfie of a cosmic cartographer mapping new star systems, [ethnically diverse, tanned], surrounded by holographic star maps and celestial charts in a dynamic control room.","A Snapchat selfie of a submersible technician navigating through deep-sea trenches, [ethnically diverse, tanned], piloting a small submersible with the eerie glow of bioluminescent creatures lighting the path."
"A Snapchat selfie of a colonial farmer harvesting tobacco, [ethnically diverse, tanned], wearing period-appropriate attire, working in a lush tobacco field with a basket of freshly picked leaves under the warm sun.","A Snapchat selfie of an urban farmer tending a rooftop hydroponic garden, [ethnically diverse, tanned], surrounded by lush vertical farms, harvesting fresh vegetables with a city skyline behind.","A Snapchat selfie of a drawer organizer sorting mismatched socks, [ethnically diverse, tanned], organizing a colorful array of socks on a bed, finding pairs with a look of determination.","A Snapchat selfie of a deep-sea diver exploring a shipwreck, [ethnically diverse, tanned], submerged with scuba gear near an eerie, coral-covered sunken ship.","A Snapchat selfie of a zero-gravity acrobat performing in a space station, [ethnically diverse, tanned], doing flips and twists in a module, with crew members watching in amazement.","A Snapchat selfie of a pearl diver collecting oysters for pearls, [ethnically diverse, tanned], surfacing with a net full of oysters, with a pristine tropical island in the background."
"A Snapchat selfie of an Egyptian stonemason carving hieroglyphs, [ethnically diverse, tanned], focused on chiseling detailed symbols into a stone wall, surrounded by ancient Egyptian artifacts.","A Snapchat selfie of an AI ethicist overseeing robot interactions, [ethnically diverse, tanned], observing and analyzing a group of robots engaging with humans in a high-tech research facility.","A Snapchat selfie of a bookshelf duster wiping down shelves, [ethnically diverse, tanned], dusting a large bookshelf filled with an impressive collection of books, with a feather duster in hand.","A Snapchat selfie of a sandboarder descending a steep dune, [ethnically diverse, tanned], sandboarding down a vast desert dune with sand flying around.","A Snapchat selfie of an interstellar ambassador facilitating alien diplomacy, [ethnically diverse, tanned], in a meeting with various alien representatives in a grand intergalactic council hall.","A Snapchat selfie of a marine ecologist monitoring underwater ecosystems, [ethnically diverse, tanned], taking water samples and recording data on a tablet while scuba diving near a coral bed."
"A Snapchat selfie of a Roman senator in a toga giving a speech, [ethnically diverse, tanned], standing authoritatively in front of a marble column, addressing a crowd with a scroll in hand.","A Snapchat selfie of a deep-sea miner extracting rare earth metals, [ethnically diverse, tanned], in a submersible, navigating through dark, underwater trenches with glowing minerals visible on the seabed.","A Snapchat selfie of a couch cushion straightener arranging pillows, [ethnically diverse, tanned], fluffing and arranging decorative pillows on a stylish couch in a well-decorated living room.","A Snapchat selfie of a jungle explorer trekking through dense foliage, [ethnically diverse, tanned], machete in hand, pushing through lush green underbrush with curiosity.","A Snapchat selfie of a nebula photographer capturing cosmic phenomena, [ethnically diverse, tanned], with a camera set against the backdrop of a stunning, colorful nebula.","A Snapchat selfie of a jellyfish researcher studying species behaviors, [ethnically diverse, tanned], in a protective suit, surrounded by a swarm of glowing jellyfish in deep waters."
"A Snapchat selfie of a 1920s flapper dancing at a jazz club, [ethnically diverse, tanned], wearing a sequined dress with a feather headband, caught in mid-twirl with a lively jazz band playing in the background.","A Snapchat selfie of a space tourist taking selfies with Earth in the background, [ethnically diverse, tanned], floating in a spacecraft's observation deck, grinning as the beautiful blue planet looms large behind.","A Snapchat selfie of a tea kettle watcher waiting for it to boil, [ethnically diverse, tanned], staring intently at a steaming kettle in a cozy kitchen setting.","A Snapchat selfie of a volcano researcher collecting lava samples, [ethnically diverse, tanned], in heat-resistant gear, extracting molten lava from an active volcano's edge.","A Snapchat selfie of a wormhole navigator charting interdimensional shortcuts, [ethnically diverse, tanned], piloting a craft near a visually distorted space indicating a wormhole's presence.","A Snapchat selfie of a coral reef restorer planting new corals, [ethnically diverse, tanned], securing young coral frags onto a reef restoration grid on the ocean floor."
"A Snapchat selfie of a Viking explorer navigating by the stars, [ethnically diverse, tanned], dressed in furs and leathers, standing at the prow of a longship with a sextant, under a starry sky.","A Snapchat selfie of a time travel guide leading a historical tour, [ethnically diverse, tanned], dressed in period-appropriate attire for each era, standing in front of an ancient landmark with a group of intrigued tourists.","A Snapchat selfie of a window blinds adjuster setting the light, [ethnically diverse, tanned], adjusting the blinds to let the perfect amount of sunlight into a bright, airy room.","A Snapchat selfie of a desert rally driver racing across sands, [ethnically diverse, tanned], in a dust-covered rally car, speeding through arid landscapes with determination.","A Snapchat selfie of a quantum entangler experimenting with particle connections, [ethnically diverse, tanned], in a lab surrounded by advanced quantum computing interfaces and glowing particles.","A Snapchat selfie of a deep-sea treasure hunter searching for lost artifacts, [ethnically diverse, tanned], hovering over a shipwreck with a metal detector, amidst sand and sea grass."
"A Snapchat selfie of a Crusader knight in armor on a horse, [ethnically diverse, tanned], clad in full armor, holding a lance while mounted on a powerful steed, with a medieval landscape in the background.","A Snapchat selfie of an augmented reality game designer testing new interfaces, [ethnically diverse, tanned], wearing AR glasses, interacting with 3D holographic objects in a creative digital workspace.","A Snapchat selfie of a refrigerator cleaner removing old leftovers, [ethnically diverse, tanned], grimacing as they clean out a fridge, holding a bag of spoiled food with a disgusted expression.","A Snapchat selfie of a paraglider floating over mountain valleys, [ethnically diverse, tanned], serene as they glide high above majestic mountain ranges and verdant forests.","A Snapchat selfie of a space archaeologist uncovering extraterrestrial artifacts, [ethnically diverse, tanned], holding an ancient alien relic on a desolate planet's ruins.","A Snapchat selfie of an aquaculture farmer raising sustainable seafood, [ethnically diverse, tanned], inspecting large nets filled with growing fish in a vast ocean farm."
"A Snapchat selfie of a 1950s housewife preparing a meal, [ethnically diverse, tanned], wearing a polka dot dress with an apron, smiling as she stirs a pot in a vintage kitchen.","A Snapchat selfie of an anti-gravity yoga instructor leading a class, [ethnically diverse, tanned], demonstrating poses in a zero-gravity studio with students floating around, practicing serene movements.","A Snapchat selfie of a paper shredder feeding documents, [ethnically diverse, tanned], shredding old documents with a look of relief on their face, surrounded by piles of paper in a home office.","A Snapchat selfie of an ice climber scaling a frozen waterfall, [ethnically diverse, tanned], with ice axes and crampons, making a challenging ascent against a backdrop of sparkling ice.","A Snapchat selfie of an alien zoologist studying non-earth life forms, [ethnically diverse, tanned], in a field station, observing and taking notes on unique creatures in an alien ecosystem.","A Snapchat selfie of an underwater filmmaker shooting a documentary, [ethnically diverse, tanned], filming a rare marine event, like spawning corals or a dolphin pod, with a professional underwater video camera."
"A Snapchat selfie of a pirate captain steering a ship, [ethnically diverse, tanned], donning a tricorn hat and a long coat, gripping the wheel of a wooden pirate ship with the ocean in the background.","A Snapchat selfie of a space elevator engineer conducting maintenance, [ethnically diverse, tanned], in a technical suit, working on a massive space elevator cable with the Earth's curvature visible in the distance.","A Snapchat selfie of a desk lamp positioner finding the perfect angle, [ethnically diverse, tanned], adjusting a stylish lamp over a desk covered in books and notes during a late-night study session.","A Snapchat selfie of a cave spelunker mapping underground systems, [ethnically diverse, tanned], with a headlamp lighting the way through vast, shadowy cave passages.","A Snapchat selfie of a space station architect designing orbital habitats, [ethnically diverse, tanned], reviewing holographic blueprints of a new station model in a high-orbit workshop.","A Snapchat selfie of a sea sponge specialist cataloging new types, [ethnically diverse, tanned], examining a colorful and unusual sea sponge attached to a reef with scientific tools."
"A Snapchat selfie of a Civil War general planning a battle, [ethnically diverse, tanned], dressed in a uniform, looking over maps and battle plans spread out on a table in a war tent.","A Snapchat selfie of an underwater city architect designing habitats, [ethnically diverse, tanned], at a drafting table in an underwater office, with marine life swimming past large panoramic windows.","A Snapchat selfie of a ceiling fan speed tester choosing settings, [ethnically diverse, tanned], pulling the chain of a ceiling fan, figuring out the best speed for comfort in a warm room.","A Snapchat selfie of a windsurfer catching strong ocean winds, [ethnically diverse, tanned], balancing on a surfboard with a colorful sail against a backdrop of crashing waves.","A Snapchat selfie of a solar sail racer competing in interstellar regattas, [ethnically diverse, tanned], at the helm of a sleek spacecraft with a massive, shimmering solar sail catching starlight.","A Snapchat selfie of an oceanographer conducting climate change research, [ethnically diverse, tanned], deploying sensors and instruments from a research vessel to measure oceanic temperature and acidity."
"A Snapchat selfie of a Revolutionary War soldier loading a musket, [ethnically diverse, tanned], in traditional uniform, kneeling with a musket and powder horn in a forested battlefield setting.","A Snapchat selfie of a holographic performer in a virtual concert, [ethnically diverse, tanned], dressed in a dazzling costume, singing on a digital stage with a mesmerizing array of lights and holographic fans.","A Snapchat selfie of a closet reorganizer moving clothes around, [ethnically diverse, tanned], sorting through a variety of outfits in a walk-in closet, organizing them by color and season.","A Snapchat selfie of a safari guide observing wildlife, [ethnically diverse, tanned], in a jeep, watching closely as majestic animals roam freely in a sprawling savannah.","A Snapchat selfie of a galactic historian documenting the history of the universe, [ethnically diverse, tanned], surrounded by ancient cosmic artifacts and virtual timelines in a vast library.","A Snapchat selfie of a seaweed harvester collecting for culinary use, [ethnically diverse, tanned], gathering armfuls of edible seaweed from clean, shallow waters near the shore."
"A Snapchat selfie of a Gold Rush miner panning for gold, [ethnically diverse, tanned], knee-deep in a river, swirling a pan with a hopeful expression against a backdrop of rugged terrain.","A Snapchat selfie of a cybersecurity specialist thwarting hackers, [ethnically diverse, tanned], in a dark room lit by multiple monitors displaying code and firewall logs, intensely focused on securing the network.","A Snapchat selfie of a wall decal applier sticking on simple patterns, [ethnically diverse, tanned], applying a stylish geometric decal to a freshly painted living room wall.","A Snapchat selfie of a bungee jumper springing off a high bridge, [ethnically diverse, tanned], in mid-jump, the thrill evident in their eyes as they plummet towards a river below.","A Snapchat selfie of an astrobiologist searching for signs of life on exoplanets, [ethnically diverse, tanned], scanning a distant planet's surface from a research outpost.","A Snapchat selfie of an aquatic tour guide leading educational dives, [ethnically diverse, tanned], pointing out a hidden octopus to a group of novice divers exploring a coral reef."
"A Snapchat selfie of a Native American hunter with a bow, [ethnically diverse, tanned], dressed in traditional attire, aiming an arrow in a vast, wild landscape at twilight.","A Snapchat selfie of a telepathy therapist helping clients enhance mental communication, [ethnically diverse, tanned], in a serene setting, using advanced neurotechnology to facilitate a client's mind-to-mind interaction.","A Snapchat selfie of a pencil sharpener emptying shavings, [ethnically diverse, tanned], cleaning out a pencil sharpener over a trash can, surrounded by a cluttered desk full of sketching materials.","A Snapchat selfie of a kayaker paddling through a rocky gorge, [ethnically diverse, tanned], navigating skillfully between rocks in a rapid river, splashing water everywhere.","A Snapchat selfie of a starship pilot navigating through asteroid belts, [ethnically diverse, tanned], at the controls of a spacecraft, dodging asteroids with precision and focus.","A Snapchat selfie of a saltwater aquarium curator managing marine species, [ethnically diverse, tanned], feeding colorful tropical fish in a large, beautifully maintained public aquarium."
"A Snapchat selfie of a 1960s civil rights activist at a rally, [ethnically diverse, tanned], holding a placard, with a crowd of supporters in the background, in a scene filled with passion and determination.","A Snapchat selfie of a nano-medic administering microscopic robots for surgery, [ethnically diverse, tanned], in a medical lab, monitoring a patient undergoing a minimally invasive procedure with nanotechnology.","A Snapchat selfie of a door squeak oiler applying WD-40, [ethnically diverse, tanned], spraying lubricant on a squeaky door hinge, with a look of satisfaction as the door swings smoothly.","A Snapchat selfie of a mountain biker tackling rough trails, [ethnically diverse, tanned], on a dirt bike, maneuvering over rugged terrain with a focused, energetic expression.","A Snapchat selfie of an exo-geologist analyzing rocks from distant moons, [ethnically diverse, tanned], examining unique geological samples in a lab aboard an orbiting research vessel.","A Snapchat selfie of a dolphin trainer interacting with dolphins, [ethnically diverse, tanned], in the water, conducting training exercises with a friendly dolphin, showing a close bond."
"A Snapchat selfie of a medieval herbalist making potions, [ethnically diverse, tanned], surrounded by bottles of herbs and a cauldron of bubbling brew, in a stone-walled room filled with ancient texts and plants.","A Snapchat selfie of a fusion reactor technician monitoring energy outputs, [ethnically diverse, tanned], in a high-security control room, overseeing a large, glowing fusion reactor safely harnessing immense power.","A Snapchat selfie of a matchbox collector categorizing by brands, [ethnically diverse, tanned], organizing an extensive collection of colorful matchboxes on a display shelf.","A Snapchat selfie of a surfer riding a giant wave, [ethnically diverse, tanned], atop a surfboard, mastering a towering wave with skill and excitement on a sunny beach.","A Snapchat selfie of a space salvage operator reclaiming abandoned satellites, [ethnically diverse, tanned], in a spacesuit, attaching a defunct satellite to their recovery ship in orbit.","A Snapchat selfie of a shipwreck explorer mapping ancient wrecks, [ethnically diverse, tanned], diving with advanced navigation gear near the remains of a sunken galleon."
"A Snapchat selfie of a Prohibition era smuggler hiding liquor, [ethnically diverse, tanned], dressed in a trench coat, sneakily concealing bottles of alcohol in a hidden compartment of a speakeasy with a look of caution.","A Snapchat selfie of a drone racer competing in a high-speed obstacle course, [ethnically diverse, tanned], wearing a racing suit and VR headset, controlling high-velocity drones through complex aerial tracks.","A Snapchat selfie of a rug straightener fixing corners, [ethnically diverse, tanned], adjusting a large area rug in a living room, ensuring it lies flat and perfect.","A Snapchat selfie of a skydiver performing aerial stunts, [ethnically diverse, tanned], in freefall, performing flips with clouds whizzing by and the ground far below.","A Snapchat selfie of a cosmic storm chaser following solar flares, [ethnically diverse, tanned], monitoring instruments as intense solar activity unfolds outside their spacecraft.","A Snapchat selfie of an underwater sculptor creating art installations, [ethnically diverse, tanned], working on a massive sculpture that will become part of an underwater art exhibit."
"A Snapchat selfie of a Samurai warrior practicing with a katana, [ethnically diverse, tanned], wearing traditional armor, in a serene garden, poised in a dynamic stance as cherry blossoms flutter around.","A Snapchat selfie of a climate engineer managing a weather control system, [ethnically diverse, tanned], in a control center with multiple screens displaying climate models and weather patterns being adjusted.","A Snapchat selfie of a thermostat adjuster setting the temperature, [ethnically diverse, tanned], adjusting a modern thermostat on a wall, aiming for optimal home comfort.","A Snapchat selfie of a snowboarder carving on fresh powder, [ethnically diverse, tanned], speeding down a snowy slope, snow spraying as they cut sharp, graceful curves.","A Snapchat selfie of an interplanetary journalist reporting on space news, [ethnically diverse, tanned], broadcasting live from a bustling space colony with viewers from multiple planets.","A Snapchat selfie of an ocean thermal energy engineer harnessing power, [ethnically diverse, tanned], on a platform in the open sea, overseeing the operation of a large thermal energy conversion unit."
"A Snapchat selfie of a 1940s journalist typing on a typewriter, [ethnically diverse, tanned], wearing suspenders and a fedora, deeply focused while typing in a newsroom filled with busy colleagues and clattering typewriters.","A Snapchat selfie of an exoplanet geologist analyzing alien rock samples, [ethnically diverse, tanned], in a lab on a distant planet, examining colorful, unearthly minerals under advanced scientific equipment.","A Snapchat selfie of a key ring organizer adding new keys, [ethnically diverse, tanned], attaching new keys to a crowded key ring, sorting through keys on a kitchen counter.","A Snapchat selfie of a kite surfer speeding over water, [ethnically diverse, tanned], harnessed to a large kite, skimming fast over waves under a clear blue sky.","A Snapchat selfie of an anti-gravity therapist helping adapt to zero-G, [ethnically diverse, tanned], guiding a patient through exercises in a zero-gravity therapy room.","A Snapchat selfie of a marine conservationist protecting endangered species, [ethnically diverse, tanned], tagging a sea turtle before it's released back into the ocean to track its migration and breeding."
"A Snapchat selfie of a Tudor queen in a court gown, [ethnically diverse, tanned], adorned in an elaborate dress with intricate embroidery, holding a scepter, standing regally in a grand palace chamber.","A Snapchat selfie of a bioluminescent fashion designer showcasing glowing outfits, [ethnically diverse, tanned], in a darkened studio, surrounded by models wearing luminous, organically lit garments.","A Snapchat selfie of a light bulb changer replacing burnt-out bulbs, [ethnically diverse, tanned], on a stepladder, installing a new bulb in a ceiling fixture to brighten a dim room.","A Snapchat selfie of a parkour athlete leaping between buildings, [ethnically diverse, tanned], mid-jump from one rooftop to another, urban skyline stretching out behind.","A Snapchat selfie of a satellite network engineer maintaining communication arrays, [ethnically diverse, tanned], adjusting a large satellite dish on a space station with Earth in the background.","A Snapchat selfie of a sea turtle rescuer helping hatchlings reach the sea, [ethnically diverse, tanned], guiding newly hatched turtles across the beach under the moonlight, ensuring they make it safely to the ocean."
"A Snapchat selfie of a Wild West sheriff in a duel, [ethnically diverse, tanned], wearing a badge and holster, squinting under a wide-brimmed hat, standing in a dusty street with a determined look as he faces an unseen opponent.","A Snapchat selfie of a space diplomat negotiating treaties on an interstellar station, [ethnically diverse, tanned], in a diplomatic uniform, mediating discussions among various alien representatives in a high-stakes conference room.","A Snapchat selfie of a silverware drawer divider inserting organizers, [ethnically diverse, tanned], arranging silverware neatly into new drawer dividers in a tidy kitchen drawer.","A Snapchat selfie of a hot air balloon pilot floating at sunrise, [ethnically diverse, tanned], piloting a colorful balloon, with the breathtaking view of the sun rising over a peaceful landscape.","A Snapchat selfie of a black hole researcher studying event horizons, [ethnically diverse, tanned], observing data on a screen showing the gravitational pull and energy emissions of a nearby black hole.","A Snapchat selfie of an ocean wave analyst studying wave patterns, [ethnically diverse, tanned], on a coastal watchtower, using specialized equipment to monitor and predict sea wave behaviors for safety and research."
