geography,seasons,office,emotions,redhat,colorado
"A breathtaking, high-resolution backdrop image of Mountain's majesty looms.","A breathtaking, high-resolution backdrop image of Spring awakens anew.","A breathtaking, high-resolution backdrop image of The last cubicle: A tale of isolation in an endless sea of beige.","A breathtaking, high-resolution backdrop image of Joy radiates here.","A breathtaking, high-resolution backdrop image of Open Source Icons (e.g., shared code, collaboration)","A breathtaking, high-resolution backdrop image Capturing the sunrise over the maroon bells in autumn."
"A breathtaking, high-resolution backdrop image of Valley cradles the dawn.","A breathtaking, high-resolution backdrop image of Summer's heat in full blaze.","A breathtaking, high-resolution backdrop image of Echoes of the old world: Office ruins in a post-apocalyptic landscape.","A breathtaking, high-resolution backdrop image of Gratitude fills the space.","A breathtaking, high-resolution backdrop image of Linux Penguin (Tux) Variations","A breathtaking, high-resolution backdrop image Depicting a winter sports adventure in the rocky mountains."
"A breathtaking, high-resolution backdrop image of Plateau touches the clouds.","A breathtaking, high-resolution backdrop image of Autumn's golden embrace.","A breathtaking, high-resolution backdrop image of The office at the end of time: Working when humanity has moved on.","A breathtaking, high-resolution backdrop image of Serenity blankets the scene.","A breathtaking, high-resolution backdrop image of Red Hat Logo Interpretations","A breathtaking, high-resolution backdrop image Illustrating the historic streets of old town fort collins."
"A breathtaking, high-resolution backdrop image of Canyon carves through time.","A breathtaking, high-resolution backdrop image of Winter's silent hush.","A breathtaking, high-resolution backdrop image of Beige corridors that stretch into infinity: A liminal space between work and oblivion.","A breathtaking, high-resolution backdrop image of Interest sparks curiosity.","A breathtaking, high-resolution backdrop image of Fedora Hat Patterns","A breathtaking, high-resolution backdrop image Creating a scene of the great sand dunes under a starry night sky."
"A breathtaking, high-resolution backdrop image of Peak pierces the sky.","A breathtaking, high-resolution backdrop image of Solstice marks time's turning.","A breathtaking, high-resolution backdrop image of The abandoned office floor: Where the forgotten technology whispers secrets.","A breathtaking, high-resolution backdrop image of Hope shines brightly.","A breathtaking, high-resolution backdrop image of Containerization Visuals (e.g., Docker containers)","A breathtaking, high-resolution backdrop image Visualizing the vibrant fall colors in telluride."
"A breathtaking, high-resolution backdrop image of Range stitches earth's quilt.","A breathtaking, high-resolution backdrop image of Equinox balances light and dark.","A breathtaking, high-resolution backdrop image of A dystopian office where productivity is monitored by unseen watchers.","A breathtaking, high-resolution backdrop image of Pride stands tall.","A breathtaking, high-resolution backdrop image of Kubernetes Clusters","A breathtaking, high-resolution backdrop image Showing a day in the life of a denver urbanite."
"A breathtaking, high-resolution backdrop image of Basin collects nature's tears.","A breathtaking, high-resolution backdrop image of Harvest yields Earth's bounty.","A breathtaking, high-resolution backdrop image of The threshold of the mundane: A doorway in the office that leads to alternate realities.","A breathtaking, high-resolution backdrop image of Amusement dances in the air.","A breathtaking, high-resolution backdrop image of Cloud Infrastructures","A breathtaking, high-resolution backdrop image Exploring the ancient cliff dwellings of mesa verde."
"A breathtaking, high-resolution backdrop image of Foothill's gentle ascent.","A breathtaking, high-resolution backdrop image of Bloom's burst of life.","A breathtaking, high-resolution backdrop image of Endless paperwork in a world where the digital revolution failed.","A breathtaking, high-resolution backdrop image of Inspiration takes flight.","A breathtaking, high-resolution backdrop image of Ansible Automation Scripts","A breathtaking, high-resolution backdrop image Depicting the bustling atmosphere of the boulder farmers market."
"A breathtaking, high-resolution backdrop image of Mesa stands alone.","A breathtaking, high-resolution backdrop image of Frost sketches morning's sparkle.","A breathtaking, high-resolution backdrop image of The illusion of busyness: A society where work has no purpose but must continue.","A breathtaking, high-resolution backdrop image of Awe sweeps over you.","A breathtaking, high-resolution backdrop image of Code Forking and Merging Diagrams","A breathtaking, high-resolution backdrop image Imagining futuristic denver with sustainable architecture."
"A breathtaking, high-resolution backdrop image of Gorge slices the landscape.","A breathtaking, high-resolution backdrop image of Chill whispers through the air.","A breathtaking, high-resolution backdrop image of A beige room with no exit or entrance, filled with idle office supplies.","A breathtaking, high-resolution backdrop image of Elation reaches new heights.","A breathtaking, high-resolution backdrop image of Virtualization Layers","A breathtaking, high-resolution backdrop image Capturing the serene beauty of mirror lake at sunrise."
"A breathtaking, high-resolution backdrop image of River's winding story.","A breathtaking, high-resolution backdrop image of Snowfall blankets in soft quiet.","A breathtaking, high-resolution backdrop image of The last meeting: Repeating endlessly in an office stuck in time.","A breathtaking, high-resolution backdrop image of Satisfaction settles deeply.","A breathtaking, high-resolution backdrop image of Middleware Solutions","A breathtaking, high-resolution backdrop image Illustrating a cozy cabin in a snowy aspen forest."
"A breathtaking, high-resolution backdrop image of Stream's gentle murmur.","A breathtaking, high-resolution backdrop image of Rainfall's rhythmic dance on leaves.","A breathtaking, high-resolution backdrop image of Office drones in a world where artificial intelligence has taken over all meaningful tasks.","A breathtaking, high-resolution backdrop image of Relief washes away worries.","A breathtaking, high-resolution backdrop image of Red Hat Enterprise Linux (RHEL) Interfaces","A breathtaking, high-resolution backdrop image Visualizing a rafting adventure on the arkansas river."
"A breathtaking, high-resolution backdrop image of Lake mirrors the heavens.","A breathtaking, high-resolution backdrop image of Drizzle mists the day away.","A breathtaking, high-resolution backdrop image of The perpetual twilight of an office that exists in a state of eternal dusk.","A breathtaking, high-resolution backdrop image of Contentment resides within.","A breathtaking, high-resolution backdrop image of Command Line Interfaces (CLI)","A breathtaking, high-resolution backdrop image Showing the iconic red rocks amphitheatre hosting a concert."
"A breathtaking, high-resolution backdrop image of Pond's tranquil meditation.","A breathtaking, high-resolution backdrop image of Mist shrouds the world in mystery.","A breathtaking, high-resolution backdrop image of Whispering walls in the office: Carrying the voices of a workforce long gone.","A breathtaking, high-resolution backdrop image of Happiness blooms around.","A breathtaking, high-resolution backdrop image of Git and Version Control Graphics","A breathtaking, high-resolution backdrop image Exploring the underground world of the cave of the winds."
"A breathtaking, high-resolution backdrop image of Waterfall's cascading strength.","A breathtaking, high-resolution backdrop image of Haze blurs the horizon's edge.","A breathtaking, high-resolution backdrop image of The limbo of the lobby: An eternal wait in a space between worlds.","A breathtaking, high-resolution backdrop image of Love resonates here.","A breathtaking, high-resolution backdrop image of DevOps Tools and Pipelines","A breathtaking, high-resolution backdrop image Depicting a cyclist's journey through the colorado national monument."
"A breathtaking, high-resolution backdrop image of Creek's playful skip.","A breathtaking, high-resolution backdrop image of Breeze carries away thoughts.","A breathtaking, high-resolution backdrop image of An office untouched by time, where the last day of work never ends.","A breathtaking, high-resolution backdrop image of Admiration echoes.","A breathtaking, high-resolution backdrop image of OpenShift Ecosystems","A breathtaking, high-resolution backdrop image Illustrating the wildlife of rocky mountain national park."
"A breathtaking, high-resolution backdrop image of Reservoir's stored serenity.","A breathtaking, high-resolution backdrop image of Gale roars with untamed might.","A breathtaking, high-resolution backdrop image of A dystopian bureaucracy: Filing cabinets filled with lives reduced to paperwork.","A breathtaking, high-resolution backdrop image of Cheerfulness is infectious.","A breathtaking, high-resolution backdrop image of JBoss Middleware Illustrations","A breathtaking, high-resolution backdrop image Showing the tranquil waters of grand lake at sunset."
"A breathtaking, high-resolution backdrop image of Spring's life-giving dance.","A breathtaking, high-resolution backdrop image of Storm brews with darkened skies.","A breathtaking, high-resolution backdrop image of The endless maze of cubicles: A metaphor for lost individuality and endless conformity.","A breathtaking, high-resolution backdrop image of Enthusiasm ignites the moment.","A breathtaking, high-resolution backdrop image of OpenStack Cloud Diagrams","A breathtaking, high-resolution backdrop image Visualizing the arts and culture scene in pueblo's creative corridor."
"A breathtaking, high-resolution backdrop image of Wetland's nurturing embrace.","A breathtaking, high-resolution backdrop image of Thunder rolls in echoing drums.","A breathtaking, high-resolution backdrop image of The flickering fluorescent light: A beacon of despair in a sea of beige.","A breathtaking, high-resolution backdrop image of Euphoria engulfs the senses.","A breathtaking, high-resolution backdrop image of Community Contributions and Forums","A breathtaking, high-resolution backdrop image Capturing the essence of the colorado renaissance festival."
"A breathtaking, high-resolution backdrop image of Marsh whispers secrets.","A breathtaking, high-resolution backdrop image of Lightning splits the sky's canvas.","A breathtaking, high-resolution backdrop image of The silent break room: A communal space where no one speaks or gathers.","A breathtaking, high-resolution backdrop image of Optimism lights the path.","A breathtaking, high-resolution backdrop image of Security Locks and Shields with Open Source Twist","A breathtaking, high-resolution backdrop image Depicting a historical reenactment at bent's old fort national historic site."
"A breathtaking, high-resolution backdrop image of Forest's hushed cathedral.","A breathtaking, high-resolution backdrop image of Clouds sail the lofty expanse.","A breathtaking, high-resolution backdrop image of Desks aligned like tombstones: A graveyard of creativity and aspiration.","A breathtaking, high-resolution backdrop image of Peacefulness envelops the atmosphere.","A breathtaking, high-resolution backdrop image of Red Hat Satellite Networks","A breathtaking, high-resolution backdrop image Imagining a future colorado leading in renewable energy."
"A breathtaking, high-resolution backdrop image of Woodland's dappled light.","A breathtaking, high-resolution backdrop image of Sunshine bathes the land in gold.","A breathtaking, high-resolution backdrop image of The photocopier: A relic worshiped in a world that forgot its purpose.","A breathtaking, high-resolution backdrop image of Pleasure is found here.","A breathtaking, high-resolution backdrop image of Subscription Management Icons","A breathtaking, high-resolution backdrop image Showing the thrill of skiing down the slopes of vail."
"A breathtaking, high-resolution backdrop image of Jungle pulses with life.","A breathtaking, high-resolution backdrop image of Warmth seeps into every crevice.","A breathtaking, high-resolution backdrop image of A dystopian performance review that determines more than just job security.","A breathtaking, high-resolution backdrop image of Excitement charges the air.","A breathtaking, high-resolution backdrop image of Red Hat Training and Certifications Badges","A breathtaking, high-resolution backdrop image Exploring the unique landscape of the paint mines interpretive park."
"A breathtaking, high-resolution backdrop image of Prairie sweeps the horizon.","A breathtaking, high-resolution backdrop image of Coolness refreshes the heated brow.","A breathtaking, high-resolution backdrop image of The beige uniformity of the office as a metaphor for societal decay.","A breathtaking, high-resolution backdrop image of Wonder reveals itself.","A breathtaking, high-resolution backdrop image of Open Innovation Labs Concepts","A breathtaking, high-resolution backdrop image Illustrating a quiet morning fishing on the gunnison river."
"A breathtaking, high-resolution backdrop image of Savanna's rhythmic breath.","A breathtaking, high-resolution backdrop image of Ice locks time in crystal.","A breathtaking, high-resolution backdrop image of Office plants that have overgrown into a jungle, reclaiming a forgotten workspace.","A breathtaking, high-resolution backdrop image of Delight twirls playfully.","A breathtaking, high-resolution backdrop image of Red Hat Summit Highlights","A breathtaking, high-resolution backdrop image Depicting the lively streets of denver during the first friday art walks."
"A breathtaking, high-resolution backdrop image of Tundra's frozen slumber.","A breathtaking, high-resolution backdrop image of Sleet taps a staccato rhythm.","A breathtaking, high-resolution backdrop image of The haunting echo of a phone ringing in an abandoned office.","A breathtaking, high-resolution backdrop image of Empathy connects souls.","A breathtaking, high-resolution backdrop image of Technology Partnerships and Integrations","A breathtaking, high-resolution backdrop image Capturing the spirit of the telluride bluegrass festival."
"A breathtaking, high-resolution backdrop image of Desert's arid whisper.","A breathtaking, high-resolution backdrop image of Dew crowns each dawn with jewels.","A breathtaking, high-resolution backdrop image of A dystopian office ritual that involves more than just team-building exercises.","A breathtaking, high-resolution backdrop image of Affection warms the heart.","A breathtaking, high-resolution backdrop image of Open Source Licenses (e.g., GPL, MIT)","A breathtaking, high-resolution backdrop image Visualizing a hiker's panoramic view from the top of pikes peak."
"A breathtaking, high-resolution backdrop image of Dune's shifting art.","A breathtaking, high-resolution backdrop image of Shade offers a gentle reprieve.","A breathtaking, high-resolution backdrop image of The omnipresent office AI that slowly undermines human autonomy.","A breathtaking, high-resolution backdrop image of Compassion embraces the downtrodden.","A breathtaking, high-resolution backdrop image of Linux Kernel Maps","A breathtaking, high-resolution backdrop image Showing the dramatic scenery of black canyon of the gunnison."
"A breathtaking, high-resolution backdrop image of Oasis promises respite.","A breathtaking, high-resolution backdrop image of Leaf-fall dances to ground's tune.","A breathtaking, high-resolution backdrop image of Windows that look out onto a barren, dystopian landscape, yet work continues inside.","A breathtaking, high-resolution backdrop image of Fulfillment crowns the journey.","A breathtaking, high-resolution backdrop image of SELinux Security Contexts","A breathtaking, high-resolution backdrop image Illustrating the serene setting of a vineyard in palisade."
"A breathtaking, high-resolution backdrop image of Glacier sculpts in silence.","A breathtaking, high-resolution backdrop image of Bud's promise of tomorrow's beauty.","A breathtaking, high-resolution backdrop image of The liminal walk to the office: A journey through spaces forgotten by time.","A breathtaking, high-resolution backdrop image of Gladness echoes in laughter.","A breathtaking, high-resolution backdrop image of Performance Tuning Dials and Gauges","A breathtaking, high-resolution backdrop image Exploring the festive atmosphere of the steamboat springs winter carnival."
"A breathtaking, high-resolution backdrop image of Volcano's fiery heart.","A breathtaking, high-resolution backdrop image of Flowering paints the world anew.","A breathtaking, high-resolution backdrop image of An office society where hierarchy is determined by access to windows and light.","A breathtaking, high-resolution backdrop image of Bliss floats freely.","A breathtaking, high-resolution backdrop image of Red Hat Society (Community) Emblems","A breathtaking, high-resolution backdrop image Depicting the rugged beauty of the san juan skyway in summer."
"A breathtaking, high-resolution backdrop image of Lava's relentless flow.","A breathtaking, high-resolution backdrop image of Wilting bows to time's passage.","A breathtaking, high-resolution backdrop image of The water cooler: A source of rumors about the world outside, no longer verifiable.","A breathtaking, high-resolution backdrop image of Jubilation colors the sky.","A breathtaking, high-resolution backdrop image of Fedora Project Symbols","A breathtaking, high-resolution backdrop image Imagining a sustainable, eco-friendly community in boulder."
"A breathtaking, high-resolution backdrop image of Crater's silent testimony.","A breathtaking, high-resolution backdrop image of Renewal spins the cycle of life.","A breathtaking, high-resolution backdrop image of A dystopian office lottery: The winners get to leave, but no one knows where they go.","A breathtaking, high-resolution backdrop image of Rapture captures the spirit.","A breathtaking, high-resolution backdrop image of CentOS Stream Flows","A breathtaking, high-resolution backdrop image Showing the historic charm of georgetown's victorian architecture."
"A breathtaking, high-resolution backdrop image of Fissure's deep secrets.","A breathtaking, high-resolution backdrop image of Barrenness lays bare earth's bones.","A breathtaking, high-resolution backdrop image of The sound of typing: A haunting reminder of productivity in a world without purpose.","A breathtaking, high-resolution backdrop image of Triumph roars victoriously.","A breathtaking, high-resolution backdrop image of RPM Package Motifs","A breathtaking, high-resolution backdrop image Visualizing a wildflower bloom in crested butte."
"A breathtaking, high-resolution backdrop image of Geyser's eruptive performance.","A breathtaking, high-resolution backdrop image of Greenery cloaks the world in life.","A breathtaking, high-resolution backdrop image of Office memos from the top management, cryptic and foreboding, dictating daily life.","A breathtaking, high-resolution backdrop image of Thrill rushes through.","A breathtaking, high-resolution backdrop image of System Administration Tools and Icons","A breathtaking, high-resolution backdrop image Capturing a moment of peace at the denver botanic gardens."
"A breathtaking, high-resolution backdrop image of Archipelago's scattered jewels.","A breathtaking, high-resolution backdrop image of Bareness reveals nature's stark lines.","A breathtaking, high-resolution backdrop image of The beige walls of the office: Imposing a silent conformity and suppressing dissent.","A breathtaking, high-resolution backdrop image of Zeal fuels the fire.","A breathtaking, high-resolution backdrop image of Open Hybrid Cloud Designs","A breathtaking, high-resolution backdrop image Depicting the excitement of the colorado state fair in pueblo."
"A breathtaking, high-resolution backdrop image of Island's isolated beauty.","A breathtaking, high-resolution backdrop image of Growth surges with life's force.","A breathtaking, high-resolution backdrop image of A break room that serves as a portal to parallel offices, each slightly more dystopian.","A breathtaking, high-resolution backdrop image of Zest spices the moment.","A breathtaking, high-resolution backdrop image of Edge Computing Networks","A breathtaking, high-resolution backdrop image Illustrating the challenge of climbing the diamond on longs peak."
"A breathtaking, high-resolution backdrop image of Peninsula's outstretched arm.","A breathtaking, high-resolution backdrop image of Decay feeds the soil's hunger.","A breathtaking, high-resolution backdrop image of Office chairs that are slightly too comfortable, lulling employees into complacency.","A breathtaking, high-resolution backdrop image of Liveliness animates the scene.","A breathtaking, high-resolution backdrop image of AI/ML in Open Source Environments","A breathtaking, high-resolution backdrop image Exploring the tranquility of an aspen grove in autumn."
"A breathtaking, high-resolution backdrop image of Isthmus binds waters.","A breathtaking, high-resolution backdrop image of Crispness snaps in the air.","A breathtaking, high-resolution backdrop image of A company-wide email that hints at the truth behind the corporation's real purpose.","A breathtaking, high-resolution backdrop image of Vivacity energizes the room.","A breathtaking, high-resolution backdrop image of Open Source Governance and Ethics","A breathtaking, high-resolution backdrop image Showing the energy of a concert at fiddler's green amphitheatre."
"A breathtaking, high-resolution backdrop image of Coast's endless song.","A breathtaking, high-resolution backdrop image of Humidity clings with heavy hands.","A breathtaking, high-resolution backdrop image of An office building surrounded by a moat, separating it from the chaos outside.","A breathtaking, high-resolution backdrop image of Warmth spreads from within.","A breathtaking, high-resolution backdrop image of RHEL System Updates and Patches","A breathtaking, high-resolution backdrop image Visualizing the bustling nightlife of lodo, denver."
"A breathtaking, high-resolution backdrop image of Beach's sandy canvas.","A breathtaking, high-resolution backdrop image of Dryness thirsts for a drop.","A breathtaking, high-resolution backdrop image of The illusion of exit signs: Leading nowhere in a building designed to keep secrets.","A breathtaking, high-resolution backdrop image of Tenderness touches gently.","A breathtaking, high-resolution backdrop image of Cloud-Native Application Patterns","A breathtaking, high-resolution backdrop image Capturing the ancient beauty of the ute mountain tribal park."
"A breathtaking, high-resolution backdrop image of Cliff's rugged face.","A breathtaking, high-resolution backdrop image of Wetness saturates life's canvas.","A breathtaking, high-resolution backdrop image of Liminal spaces between cubicles: Where reality seems to flicker and shift.","A breathtaking, high-resolution backdrop image of Kindness reverberates kindness.","A breathtaking, high-resolution backdrop image of Enterprise Integration Patterns","A breathtaking, high-resolution backdrop image Depicting the solitude of a backcountry ski trip in the san juan mountains."
"A breathtaking, high-resolution backdrop image of Cape's pointed challenge.","A breathtaking, high-resolution backdrop image of Heatwave blurs air into mirage.","A breathtaking, high-resolution backdrop image of An office without clocks, where time has lost all meaning.","A breathtaking, high-resolution backdrop image of Gentleness calms the chaos.","A breathtaking, high-resolution backdrop image of Software-Defined Networking (SDN) Diagrams","A breathtaking, high-resolution backdrop image Illustrating the joy of a family picnic at cheesman park, denver."
"A breathtaking, high-resolution backdrop image of Bay's sheltered waters.","A breathtaking, high-resolution backdrop image of Cold snap bites with frosty teeth.","A breathtaking, high-resolution backdrop image of A dystopian policy for recycling employees along with office waste.","A breathtaking, high-resolution backdrop image of Generosity knows no bounds.","A breathtaking, high-resolution backdrop image of Red Hat Storage Solutions (Gluster, Ceph)","A breathtaking, high-resolution backdrop image Showing the vibrant street art of rino, denver."
"A breathtaking, high-resolution backdrop image of Gulf's broad embrace.","A breathtaking, high-resolution backdrop image of Blizzard swirls in a white rage.","A breathtaking, high-resolution backdrop image of The facade of a normal office day, masking the breakdown of society outside.","A breathtaking, high-resolution backdrop image of Charity begins with action.","A breathtaking, high-resolution backdrop image of OpenShift Operator Frameworks","A breathtaking, high-resolution backdrop image Exploring the wonders of the denver museum of nature & science."
"A breathtaking, high-resolution backdrop image of Sea's restless spirit.","A breathtaking, high-resolution backdrop image of Monsoon brings life's deluge.","A breathtaking, high-resolution backdrop image of Elevators that only go down, delving into the depths of corporate secrets.","A breathtaking, high-resolution backdrop image of Sympathy whispers comfort.","A breathtaking, high-resolution backdrop image of Ansible Playbook Syntax and Flowcharts","A breathtaking, high-resolution backdrop image Capturing the excitement of a rockies game at coors field."
"A breathtaking, high-resolution backdrop image of Ocean's vast mystery.","A breathtaking, high-resolution backdrop image of Drought drains the earth's palette.","A breathtaking, high-resolution backdrop image of The office: A microcosm of a society that has lost its way.","A breathtaking, high-resolution backdrop image of Empowerment lifts the fallen.","A breathtaking, high-resolution backdrop image of Red Hat Customer Success Stories","A breathtaking, high-resolution backdrop image Depicting a tranquil yoga session in the garden of the gods."
"A breathtaking, high-resolution backdrop image of Reef's underwater kaleidoscope.","A breathtaking, high-resolution backdrop image of Flood overflows with rushing power.","A breathtaking, high-resolution backdrop image of Stairwells that lead to floors not listed on the building directory, hiding dystopian secrets.","A breathtaking, high-resolution backdrop image of Courage faces the unknown.","A breathtaking, high-resolution backdrop image of Open Source Development Cycles (e.g., Agile, Scrum)","A breathtaking, high-resolution backdrop image Visualizing the architectural elegance of the colorado state capitol."
"A breathtaking, high-resolution backdrop image of Delta's fertile web.","A breathtaking, high-resolution backdrop image of Cyclone spirals in destructive dance.","A breathtaking, high-resolution backdrop image of The corporate ladder: A climb that leads to existential emptiness.","A breathtaking, high-resolution backdrop image of Respect bows deeply.","A breathtaking, high-resolution backdrop image of Red Hat Global Offices and Communities","A breathtaking, high-resolution backdrop image Showing the festive lights of the blossoms of light at the denver botanic gardens."
"A breathtaking, high-resolution backdrop image of Estuary's mixing bowl.","A breathtaking, high-resolution backdrop image of Tornado carves a path of change.","A breathtaking, high-resolution backdrop image of The beige abyss: An office that embodies the void of unfulfilled dreams and ambitions.","A breathtaking, high-resolution backdrop image of A quiet corner overflows with the essence of gratitude.","A breathtaking, high-resolution backdrop image of Red Hat Impact and Sustainability Initiatives","A breathtaking, high-resolution backdrop image Exploring the pioneering spirit at the national mining hall of fame and museum."
